Date,Open,High,Low,Close,Volume,Adjustment Factor,Adjustment Type
2015-01-01,1083.643516,1083.643516,1070.742998,1073.562,36260.0,,
2015-01-02,1073.131983,1124.638495,1073.131983,1119.764966,91131.0,,
2015-01-05,1125.689649,1126.645243,1099.936392,1105.287718,49817.0,,
2015-01-06,1096.066237,1098.933019,1046.375353,1053.494527,117772.0,,
2015-01-07,1055.596834,1065.63057,1047.760964,1051.201102,110656.0,,
2015-01-08,1061.664855,1075.998764,1061.473737,1073.705339,43755.0,,
2015-01-09,1079.486682,1085.745822,1054.975698,1062.811568,66242.0,,
2015-01-12,1065.487231,1087.465891,1050.436627,1079.534462,45728.0,,
2015-01-13,1079.82114,1085.698043,1063.241585,1071.173015,61655.0,,
2015-01-14,1075.04317,1085.459144,1063.671603,1071.507473,43799.0,,
2015-01-15,1098.64634,1156.268654,1092.291641,1148.241665,215534.0,,
2015-01-16,1137.156776,1153.354093,1137.156776,1140.262456,575886.0,,
2015-01-19,1145.470443,1151.490685,1126.501903,1128.986448,121836.0,,
2015-01-20,1135.914504,1201.898264,1130.849856,1194.970208,266858.0,,
2015-01-21,1196.403599,1238.449732,1196.403599,1227.317063,1286653.0,,
2015-01-22,1232.716169,1236.204087,1214.751003,1222.969111,148367.0,,
2015-01-23,1229.944946,1280.782543,1223.829145,1233.146186,277554.0,,
2015-01-26,1233.146186,1233.146186,1233.146186,1233.146186,0.0,,
2015-01-27,1248.149011,1261.718444,1230.852761,1257.227153,313664.0,,
2015-01-28,1258.326086,1300.276659,1243.4666,1284.987157,165815.0,,
2015-01-29,1279.540271,1283.362647,1238.449732,1251.39803,248193.0,,
2015-01-30,1264.250768,1273.997826,1202.137163,1209.447457,231674.0,,
2015-02-02,1208.82632,1227.938199,1188.758848,1213.890968,90069.0,,
2015-02-03,1213.60429,1214.559884,1173.278226,1177.673958,130094.0,,
2015-02-04,1188.758848,1196.642498,1169.59919,1178.342874,72523.0,,
2015-02-05,1178.342874,1234.961814,1155.599739,1193.441258,180536.0,,
2015-02-06,1194.492412,1231.760575,1189.714442,1222.682432,275062.0,,
2015-02-09,1213.60429,1219.242294,1190.861155,1214.416545,78335.0,,
2015-02-10,1204.048351,1236.156307,1177.960637,1189.523323,111368.0,,
2015-02-11,1189.714442,1211.645323,1188.567729,1192.007867,89261.0,,
2015-02-12,1199.270381,1204.048351,1186.083185,1198.601465,60334.0,,
2015-02-13,1203.092757,1218.38226,1189.714442,1212.170899,193431.0,,
2015-02-16,1223.160229,1241.077616,1211.97978,1230.90054,264199.0,,
2015-02-17,1230.90054,1230.90054,1230.90054,1230.90054,0.0,,
2015-02-18,1232.716169,1273.806708,1231.760575,1267.308669,1085484.0,,
2015-02-19,1270.939926,1296.740962,1265.206362,1293.157485,200641.0,,
2015-02-20,1293.396383,1293.396383,1267.11755,1274.188945,135159.0,,
2015-02-23,1273.806708,1277.915762,1248.483469,1251.636929,93539.0,,
2015-02-24,1244.183296,1260.90619,1239.405326,1251.111352,233518.0,,
2015-02-25,1251.828047,1288.140617,1251.828047,1281.451459,187565.0,,
2015-02-26,1277.629083,1311.457108,1276.673489,1285.942751,146659.0,,
2015-02-27,1285.942751,1306.679139,1278.10688,1287.280582,93916.0,,
2015-03-02,1282.502612,1310.358175,1260.428393,1278.728016,146302.0,,
2015-03-03,1290.051804,1309.163683,1283.744885,1303.573459,132125.0,,
2015-03-04,1322.541998,1337.640382,1295.642029,1304.576832,177764.0,,
2015-03-05,1309.163683,1335.729194,1303.812357,1327.367747,136748.0,,
2015-03-06,1327.367747,1327.367747,1327.367747,1327.367747,0.0,,
2015-03-09,1325.934356,1333.053531,1292.24967,1305.245748,78856.0,,
2015-03-10,1305.245748,1305.245748,1249.439062,1254.50371,141138.0,,
2015-03-11,1258.517205,1278.584677,1251.971386,1263.534073,58488.0,,
2015-03-12,1275.717896,1283.362647,1258.039408,1273.758928,57208.0,,
2015-03-13,1290.051804,1306.870258,1263.104056,1268.74206,181136.0,,
2015-03-16,1269.028738,1270.939926,1236.920782,1247.718993,111782.0,,
2015-03-17,1256.606017,1287.949498,1249.916859,1280.448085,70616.0,,
2015-03-18,1266.161956,1282.93263,1258.708324,1265.110803,50727.0,,
2015-03-19,1272.851114,1294.065299,1259.32946,1269.410976,192731.0,,
2015-03-20,1269.028738,1284.604919,1250.490216,1279.014695,295614.0,,
2015-03-23,1269.028738,1287.232802,1269.028738,1284.557139,214952.0,,
2015-03-24,1280.495865,1324.214287,1279.349152,1299.225506,561232.0,,
2015-03-25,1296.737302,1322.097847,1282.382276,1297.024402,120080.0,0.998529,17.0
2015-03-26,1282.382276,1291.952293,1216.301309,1228.02458,189356.0,,
2015-03-27,1236.446195,1242.666706,1203.286086,1207.496893,107394.0,,
2015-03-30,1216.588409,1253.624375,1216.301309,1250.035619,81585.0,,
2015-03-31,1253.672225,1264.103544,1242.188205,1254.868477,60159.0,,
2015-04-01,1240.274202,1279.989772,1240.274202,1276.448866,57940.0,,
2015-04-02,1276.448866,1276.448866,1276.448866,1276.448866,0.0,,
2015-04-03,1276.448866,1276.448866,1276.448866,1276.448866,0.0,,
2015-04-06,1287.167285,1287.167285,1247.451714,1270.084804,64666.0,,
2015-04-07,1277.597268,1281.903775,1256.59108,1271.568157,47182.0,,
2015-04-08,1270.898256,1277.597268,1241.374753,1243.288757,86332.0,,
2015-04-09,1263.146542,1263.146542,1232.618188,1248.743667,54600.0,,
2015-04-10,1244.102208,1253.098024,1228.35953,1234.819292,52540.0,,
2015-04-13,1244.102208,1255.203428,1237.738147,1247.834515,63152.0,,
2015-04-14,1247.834515,1247.834515,1247.834515,1247.834515,0.0,,
2015-04-15,1254.533527,1255.681929,1225.153575,1235.871994,50231.0,,
2015-04-16,1233.76659,1251.758222,1227.354679,1247.834515,59764.0,,
2015-04-17,1250.80122,1258.361534,1236.446195,1246.494713,50147.0,,
2015-04-20,1244.102208,1248.887217,1201.132832,1212.951803,1911963.0,,
2015-04-21,1215.392157,1221.899769,1191.180014,1204.912989,122692.0,,
2015-04-22,1208.501745,1231.517636,1204.338788,1224.244423,193393.0,,
2015-04-23,1222.091169,1240.369902,1213.047503,1221.134168,148361.0,,
2015-04-24,1221.182018,1221.182018,1181.897098,1191.227864,434696.0,,
2015-04-27,1193.859619,1199.170979,1145.483183,1159.742509,341775.0,,
2015-04-28,1167.542072,1183.715401,1138.25782,1174.958836,201069.0,,
2015-04-29,1175.102386,1184.672403,1140.746025,1150.124642,229809.0,,
2015-04-30,1166.15442,1166.15442,1111.844574,1119.117786,198426.0,,
2015-05-01,1119.117786,1119.117786,1119.117786,1119.117786,0.0,,
2015-05-04,1127.348001,1153.665548,1123.232894,1150.603142,863660.0,,
2015-05-05,1137.87502,1148.976239,1126.390999,1128.974904,525521.0,,
2015-05-06,1138.832021,1138.832021,1101.843906,1112.992976,373588.0,,
2015-05-07,1112.992976,1122.562993,1099.594952,1104.954161,246559.0,,
2015-05-08,1116.820982,1148.402038,1111.174672,1134.381964,166976.0,,
2015-05-11,1136.965868,1177.112089,1136.965868,1170.269527,101949.0,,
2015-05-12,1163.714066,1167.542072,1134.860464,1139.980424,57087.0,,
2015-05-13,1148.402038,1174.241084,1137.87502,1167.063572,153538.0,,
2015-05-14,1167.063572,1170.460928,1140.889575,1156.345153,122452.0,,
2015-05-15,1162.757064,1183.571851,1154.9575,1180.892246,73030.0,,
2015-05-18,1178.978243,1214.004505,1175.198086,1208.549595,68736.0,,
2015-05-19,1205.82214,1205.82214,1180.222345,1187.734808,158000.0,,
2015-05-20,1191.945616,1216.253459,1190.510113,1212.808253,60302.0,,
2015-05-21,1215.392157,1218.933064,1192.471967,1201.946284,53778.0,,
2015-05-22,1201.037132,1237.211796,1201.037132,1232.139687,77376.0,,
2015-05-25,1222.56967,1232.139687,1196.252123,1198.931728,77949.0,,
2015-05-26,1181.992798,1205.82214,1180.940096,1186.634256,53340.0,,
2015-05-27,1191.467115,1192.328416,1177.15994,1185.964355,47811.0,,
2015-05-28,1188.59611,1194.43382,1157.110754,1175.341636,121812.0,,
2015-05-29,1177.112089,1193.859619,1168.690474,1182.375599,477103.0,,
2015-06-01,1183.811101,1199.98443,1183.811101,1193.094018,62917.0,,
2015-06-02,1193.381118,1196.060723,1144.861132,1150.794543,292411.0,,
2015-06-03,1154.191899,1164.671067,1144.143381,1151.751544,71003.0,,
2015-06-04,1165.628069,1174.241084,1141.320226,1165.388819,47097.0,,
2015-06-05,1165.628069,1165.628069,1144.574032,1149.40689,108085.0,,
2015-06-08,1150.316042,1150.316042,1123.711395,1128.927054,271696.0,,
2015-06-09,1132.085159,1145.435333,1126.390999,1138.975572,86925.0,,
2015-06-10,1136.056717,1153.187047,1135.482516,1139.119122,109450.0,,
2015-06-11,1148.306338,1148.402038,1111.270373,1116.151081,245792.0,,
2015-06-12,1108.207967,1143.138529,1106.533214,1138.879872,108178.0,,
2015-06-15,1146.966536,1164.671067,1133.472812,1162.469963,165301.0,,
2015-06-16,1150.890243,1158.307006,1129.405555,1146.727285,68025.0,,
2015-06-17,1148.402038,1165.580219,1143.61703,1148.162788,157176.0,,
2015-06-18,1148.402038,1166.01087,1148.402038,1157.732805,201348.0,,
2015-06-19,1171.370079,1193.237568,1167.446372,1184.241752,57520.0,,
2015-06-22,1181.897098,1217.880362,1181.897098,1213.813105,64168.0,,
2015-06-23,1193.381118,1234.532191,1193.381118,1229.364382,57475.0,,
2015-06-24,1229.364382,1238.312348,1211.27705,1225.632076,453102.0,,
2015-06-25,1213.478154,1256.54323,1213.478154,1252.619523,94818.0,,
2015-06-26,1244.102208,1252.715224,1221.995469,1232.905288,103777.0,,
2015-06-29,1224.962174,1237.068246,1206.683442,1231.948287,126601.0,,
2015-06-30,1229.747183,1246.016212,1224.005173,1240.704852,57311.0,,
2015-07-01,1240.274202,1245.872661,1232.809588,1237.355346,64844.0,,
2015-07-02,1244.102208,1244.102208,1224.962174,1228.35953,38793.0,,
2015-07-03,1232.618188,1267.022399,1224.962174,1259.462086,84343.0,,
2015-07-06,1251.758222,1264.199244,1244.006508,1261.280389,1046894.0,,
2015-07-07,1267.83585,1288.794188,1267.83585,1279.846222,188432.0,,
2015-07-08,1272.812259,1274.726263,1230.082133,1234.580041,483317.0,,
2015-07-09,1239.3172,1244.102208,1225.488525,1230.991285,41156.0,,
2015-07-10,1237.785997,1238.360198,1224.292273,1227.737479,51988.0,,
2015-07-13,1226.876178,1269.510603,1226.876178,1266.926699,89186.0,,
2015-07-14,1266.113247,1266.113247,1253.672225,1259.892736,24808.0,,
2015-07-15,1261.328239,1285.301131,1256.16043,1283.147878,73866.0,,
2015-07-16,1284.29628,1311.857929,1284.29628,1302.096511,77827.0,,
2015-07-17,1302.479312,1302.479312,1267.118099,1270.036954,80471.0,,
2015-07-20,1276.640266,1276.640266,1247.116764,1260.323387,325360.0,,
2015-07-21,1267.4052,1272.812259,1248.935067,1253.337275,44875.0,,
2015-07-22,1254.150726,1291.282392,1248.313016,1287.693636,65348.0,,
2015-07-23,1287.885036,1298.794855,1284.29628,1291.282392,49323.0,,
2015-07-24,1292.478644,1305.111067,1280.516123,1296.210951,50190.0,,
2015-07-27,1306.259469,1306.259469,1272.812259,1277.836518,49490.0,,
2015-07-28,1279.511271,1280.468273,1244.102208,1248.408716,84649.0,,
2015-07-29,1249.844219,1274.726263,1248.887217,1255.299128,142006.0,,
2015-07-30,1263.242242,1293.866297,1244.102208,1279.894072,126025.0,,
2015-07-31,1279.894072,1291.473792,1264.199244,1281.520975,44134.0,,
2015-08-03,1281.520975,1292.430794,1258.457234,1264.964845,71308.0,,
2015-08-04,1268.027251,1273.38646,1243.193057,1246.064062,220263.0,,
2015-08-05,1253.672225,1262.476641,1244.102208,1246.638263,67723.0,,
2015-08-06,1248.887217,1255.586229,1234.05369,1248.360866,86470.0,,
2015-08-07,1249.844219,1251.279721,1239.3172,1242.762406,49471.0,,
2015-08-10,1249.461418,1275.013363,1240.178501,1249.604968,108586.0,,
2015-08-11,1249.604968,1253.672225,1223.048171,1231.374086,89262.0,,
2015-08-12,1229.747183,1229.747183,1203.812437,1206.731292,618768.0,,
2015-08-13,1218.263162,1219.172314,1198.261827,1202.998985,57228.0,,
2015-08-14,1211.564151,1250.75337,1204.051687,1243.910808,50711.0,,
2015-08-17,1244.054358,1250.227019,1217.306161,1224.866474,637365.0,,
2015-08-18,1226.876178,1230.417084,1209.171646,1212.329752,222849.0,,
2015-08-19,1205.77429,1209.267346,1195.821473,1202.951135,67076.0,,
2015-08-20,1208.645295,1210.607149,1192.424117,1194.43382,82326.0,,
2015-08-21,1192.424117,1192.424117,1161.991463,1175.724437,349024.0,,
2015-08-24,1149.35904,1149.35904,1107.968717,1116.629582,121068.0,,
2015-08-25,1125.433998,1131.750209,1086.196928,1096.341146,138527.0,,
2015-08-26,1099.594952,1108.207967,1046.768458,1055.046523,245668.0,,
2015-08-27,1071.841903,1153.426297,1071.841903,1143.80843,216704.0,,
2015-08-28,1155.10105,1162.757064,1128.209303,1149.02409,81830.0,,
2015-08-31,1149.35904,1160.26886,1125.912499,1137.73147,138363.0,,
2015-09-01,1129.262004,1129.262004,1097.489548,1108.495068,143395.0,,
2015-09-02,1119.691987,1124.476996,1065.142891,1077.392512,154784.0,,
2015-09-03,1090.981937,1124.476996,1078.540914,1121.605991,85134.0,,
2015-09-04,1112.035974,1112.083824,1083.325923,1092.99164,82802.0,,
2015-09-07,1095.766945,1125.386148,1090.216335,1100.025603,203577.0,,
2015-09-08,1105.336962,1128.161453,1101.556805,1121.17534,123223.0,,
2015-09-09,1128.400703,1151.273044,1128.400703,1135.530366,270294.0,,
2015-09-10,1124.476996,1124.476996,1100.504103,1114.093528,48179.0,,
2015-09-11,1122.562993,1134.047013,1119.691987,1123.902795,126995.0,,
2015-09-14,1123.902795,1136.870168,1113.567177,1133.233562,113440.0,,
2015-09-15,1124.524846,1133.807763,1115.959681,1126.91735,54368.0,,
2015-09-16,1134.047013,1148.402038,1133.185711,1144.956832,72880.0,,
2015-09-17,1144.956832,1144.956832,1144.956832,1144.956832,0.0,,
2015-09-18,1164.671067,1181.705698,1148.162788,1158.402706,134582.0,,
2015-09-21,1148.402038,1157.397854,1134.573364,1155.0532,65247.0,,
2015-09-22,1160.173159,1164.096866,1113.088676,1117.634434,52828.0,,
2015-09-23,1110.121971,1122.562993,1095.192744,1116.581732,71139.0,,
2015-09-24,1116.581732,1133.090011,1101.987456,1129.931906,114278.0,,
2015-09-25,1129.931906,1129.931906,1129.931906,1129.931906,0.0,,
2015-09-28,1129.931906,1138.353521,1114.428478,1122.515143,76677.0,,
2015-09-29,1119.596287,1175.293786,1103.853609,1161.369411,152626.0,,
2015-09-30,1177.20779,1186.682106,1149.598291,1161.082311,97445.0,,
2015-10-01,1177.112089,1178.069091,1143.90413,1147.684287,303585.0,,
2015-10-02,1147.684287,1147.684287,1147.684287,1147.684287,0.0,,
2015-10-05,1158.976907,1206.013541,1154.144049,1201.994134,98213.0,,
2015-10-06,1210.607149,1213.573854,1185.581554,1207.831844,87753.0,,
2015-10-07,1205.58289,1224.962174,1202.711885,1221.469118,283030.0,,
2015-10-08,1220.177166,1224.962174,1204.434488,1222.904621,25586.0,,
2015-10-09,1225.153575,1242.188205,1220.177166,1235.202093,300885.0,,
2015-10-12,1225.440675,1238.838699,1208.693145,1217.401861,37319.0,,
2015-10-13,1215.392157,1225.823476,1209.937248,1222.33042,35996.0,,
2015-10-14,1210.942099,1239.3172,1210.942099,1235.584893,30566.0,,
2015-10-15,1239.3172,1247.930215,1232.522488,1238.455898,64414.0,,
2015-10-16,1235.489193,1259.414236,1229.747183,1255.681929,74200.0,,
2015-10-19,1260.371237,1263.242242,1246.494713,1257.978733,49509.0,,
2015-10-20,1258.457234,1259.031435,1246.973213,1256.20828,84527.0,,
2015-10-21,1246.973213,1263.050842,1246.973213,1259.222835,55228.0,,
2015-10-22,1259.222835,1259.222835,1259.222835,1259.222835,0.0,,
2015-10-23,1264.199244,1286.210283,1264.199244,1283.195728,312763.0,,
2015-10-26,1287.167285,1291.952293,1249.748518,1256.39968,218474.0,,
2015-10-27,1251.758222,1251.758222,1217.401861,1220.320716,305134.0,,
2015-10-28,1220.177166,1229.125132,1202.424784,1211.659851,50157.0,,
2015-10-29,1212.521152,1230.369234,1203.908137,1209.889398,49198.0,,
2015-10-30,1209.745847,1218.645963,1191.467115,1203.142536,59111.0,,
2015-11-02,1205.82214,1212.186202,1160.843061,1169.408226,155628.0,,
2015-11-03,1177.112089,1179.648144,1162.757064,1168.307674,56366.0,,
2015-11-04,1172.327081,1182.614849,1162.900614,1167.446372,48336.0,,
2015-11-05,1166.585071,1171.370079,1152.182195,1156.201602,273241.0,,
2015-11-06,1159.886059,1171.130829,1150.794543,1154.000498,52184.0,,
2015-11-09,1141.607326,1151.273044,1126.6781,1139.597623,105183.0,,
2015-11-10,1143.61703,1143.61703,1120.98394,1123.950645,93589.0,,
2015-11-11,1133.090011,1133.090011,1124.285596,1127.348001,26728.0,,
2015-11-12,1127.348001,1127.348001,1127.348001,1127.348001,0.0,,
2015-11-13,1127.348001,1129.262004,1109.164969,1127.826502,63233.0,,
2015-11-16,1126.390999,1138.353521,1108.447218,1128.161453,92610.0,,
2015-11-17,1137.92287,1151.607994,1133.233562,1148.689139,165005.0,,
2015-11-18,1148.402038,1150.985943,1125.386148,1128.974904,371025.0,,
2015-11-19,1135.338965,1162.661364,1133.520662,1160.41241,56862.0,,
2015-11-20,1163.714066,1168.786175,1146.488035,1152.182195,52393.0,,
2015-11-23,1166.585071,1166.585071,1136.200267,1142.468628,154654.0,,
2015-11-24,1139.789023,1171.082979,1138.640621,1166.29797,66297.0,,
2015-11-25,1166.29797,1166.29797,1166.29797,1166.29797,0.0,,
2015-11-26,1167.542072,1178.116941,1163.857616,1169.934577,44161.0,,
2015-11-27,1170.078127,1186.586406,1165.723769,1177.20779,38006.0,,
2015-11-30,1171.75288,1176.920689,1153.474147,1164.862468,81623.0,,
2015-12-01,1173.284083,1175.198086,1161.369411,1172.614181,43891.0,,
2015-12-02,1172.327081,1179.983095,1153.426297,1159.072607,37291.0,,
2015-12-03,1173.284083,1173.284083,1147.540737,1149.35904,34886.0,,
2015-12-04,1148.402038,1148.402038,1120.218338,1121.558141,306199.0,,
2015-12-07,1125.433998,1136.918018,1124.811947,1135.004015,64097.0,,
2015-12-08,1134.047013,1134.047013,1119.691987,1121.07964,77620.0,,
2015-12-09,1119.691987,1120.122638,1101.556805,1104.954161,277363.0,,
2015-12-10,1110.121971,1133.090011,1104.954161,1130.314706,50990.0,,
2015-12-11,1130.219006,1135.291115,1112.035974,1123.998495,127849.0,,
2015-12-14,1106.293964,1142.660028,1106.293964,1136.583067,50301.0,,
2015-12-15,1134.190563,1157.493555,1129.262004,1154.8618,80682.0,,
2015-12-16,1164.192566,1170.078127,1157.541405,1166.680771,114688.0,,
2015-12-17,1152.230045,1190.557963,1152.230045,1188.50041,133326.0,,
2015-12-18,1191.467115,1198.405377,1169.456076,1172.183531,63658.0,,
2015-12-21,1174.241084,1186.203606,1167.542072,1178.021241,32808.0,,
2015-12-22,1179.361043,1183.858951,1152.564996,1173.284083,93129.0,,
2015-12-23,1182.8541,1187.639108,1176.155088,1184.002502,27682.0,,
2015-12-24,1190.223013,1190.318713,1173.427633,1177.064239,14861.0,,
2015-12-25,1177.064239,1177.064239,1177.064239,1177.064239,0.0,,
2015-12-28,1177.973391,1178.260491,1168.499074,1172.614181,25966.0,,
2015-12-29,1172.614181,1172.614181,1172.614181,1172.614181,0.0,,
2015-12-30,1188.59611,1190.845064,1176.920689,1180.174495,71269.0,,
2015-12-31,1183.906801,1216.062059,1183.524001,1208.358195,242669.0,,
2016-01-01,1212.425452,1212.425452,1197.209125,1203.238236,32675.0,,
2016-01-04,1199.88873,1199.88873,1159.886059,1164.049016,48499.0,,
2016-01-05,1183.811101,1183.811101,1153.713398,1157.110754,38479.0,,
2016-01-06,1157.972055,1168.164124,1150.794543,1156.488703,33953.0,,
2016-01-07,1148.402038,1151.895095,1124.476996,1129.070604,66613.0,,
2016-01-08,1134.047013,1157.972055,1119.596287,1124.668396,117668.0,,
2016-01-11,1114.906979,1120.648989,1101.508955,1112.753725,57620.0,,
2016-01-12,1125.433998,1125.433998,1096.341146,1104.47566,85325.0,,
2016-01-13,1110.121971,1122.036642,1095.910495,1117.012383,124624.0,,
2016-01-14,1110.121971,1116.820982,1097.728799,1109.547769,178570.0,,
2016-01-15,1115.863981,1116.342482,1093.852942,1099.451402,117161.0,,
2016-01-18,1104.37996,1105.480512,1076.674761,1085.096376,105921.0,,
2016-01-19,1081.41192,1107.968717,1081.41192,1103.040158,159440.0,,
2016-01-20,1091.938938,1095.144894,1081.076969,1086.388328,226756.0,,
2016-01-21,1091.077637,1096.388996,1074.043006,1085.622727,73417.0,,
2016-01-22,1090.981937,1111.078972,1086.579729,1108.064417,59126.0,,
2016-01-25,1111.078972,1132.61151,1106.293964,1123.615694,85697.0,,
2016-01-26,1123.615694,1123.615694,1123.615694,1123.615694,0.0,,
2016-01-27,1131.176008,1135.004015,1110.121971,1117.490884,61224.0,,
2016-01-28,1103.422959,1108.303667,1088.015231,1098.82935,127127.0,,
2016-01-29,1098.63795,1136.535217,1096.341146,1126.9652,60231.0,,
2016-02-01,1143.61703,1143.61703,1119.691987,1128.783504,43476.0,,
2016-02-02,1129.262004,1141.559476,1116.342482,1126.72595,64477.0,,
2016-02-03,1122.562993,1130.027606,1109.164969,1110.887572,79496.0,,
2016-02-04,1115.768281,1126.008199,1114.428478,1119.691987,206204.0,,
2016-02-05,1112.035974,1136.295967,1112.035974,1132.802911,58641.0,,
2016-02-08,1126.4867,1132.946461,1107.011715,1111.796723,43926.0,,
2016-02-09,1107.729466,1118.112935,1091.651838,1109.93057,78492.0,,
2016-02-10,1110.121971,1110.121971,1063.755238,1068.779497,57072.0,,
2016-02-11,1068.779497,1068.779497,1014.565351,1022.029964,94375.0,,
2016-02-12,1027.819824,1049.735163,1023.274066,1037.054891,342939.0,,
2016-02-15,1047.91686,1054.615872,1029.925228,1034.614536,206591.0,,
2016-02-16,1038.346843,1040.260847,1018.393358,1030.78653,75129.0,,
2016-02-17,1031.647831,1038.346843,1014.421801,1030.403729,55196.0,,
2016-02-18,1037.820492,1037.820492,1017.771307,1024.039668,47837.0,,
2016-02-19,1023.034816,1023.034816,1001.023777,1015.139552,64662.0,,
2016-02-22,1015.139552,1018.058407,1003.894782,1012.842748,66060.0,,
2016-02-23,1014.421801,1014.421801,995.281767,1005.904486,1976892.0,,
2016-02-24,1005.808785,1005.808785,976.141733,978.964888,258334.0,,
2016-02-25,980.926741,1004.803934,968.485719,997.10007,267190.0,,
2016-02-26,1011.455095,1013.273399,1003.416281,1009.349692,449689.0,,
2016-02-29,1014.421801,1031.647831,979.969739,1015.905153,205188.0,,
2016-03-01,1016.335804,1025.666571,1002.93778,1022.795566,75737.0,,
2016-03-02,1033.609685,1059.30518,1030.355879,1052.941119,91383.0,,
2016-03-03,1067.056894,1086.005528,1061.267034,1075.287109,98148.0,,
2016-03-04,1075.239259,1087.15393,1057.486877,1079.976417,67632.0,,
2016-03-07,1079.976417,1079.976417,1079.976417,1079.976417,0.0,,
2016-03-08,1079.306516,1099.594952,1071.841903,1096.771797,524688.0,,
2016-03-09,1097.680948,1097.680948,1059.687981,1082.416771,88237.0,,
2016-03-10,1083.804424,1106.293964,1074.234407,1103.040158,133927.0,,
2016-03-11,1110.07412,1116.773132,1097.680948,1108.925718,58053.0,,
2016-03-14,1110.121971,1123.519994,1098.111599,1106.341814,42189.0,,
2016-03-15,1099.594952,1099.594952,1061.314884,1066.195593,224302.0,,
2016-03-16,1059.40088,1080.933419,1049.017412,1077.536063,153936.0,,
2016-03-17,1084.282925,1101.652505,1056.912676,1061.984785,212008.0,,
2016-03-18,1066.769794,1083.804424,1057.056226,1079.162966,386250.0,,
2016-03-21,1086.196928,1107.298815,1080.981269,1102.513807,153569.0,,
2016-03-22,1095.719095,1123.519994,1087.632431,1116.390332,83851.0,,
2016-03-23,1110.121971,1117.538734,1094.570693,1113.088676,73561.0,,
2016-03-24,1113.088676,1113.088676,1113.088676,1113.088676,0.0,,
2016-03-25,1113.088676,1113.088676,1113.088676,1113.088676,0.0,,
2016-03-28,1114.332778,1117.251633,1090.024935,1093.757241,248020.0,,
2016-03-29,1090.981937,1093.230891,1075.047858,1079.210816,210903.0,,
2016-03-30,1076.620019,1084.392409,1066.256831,1070.430893,317666.0,0.99734,17.0
2016-03-31,1069.903138,1072.206069,1053.590714,1060.835349,400695.0,,
2016-04-01,1059.34804,1071.822247,1049.080808,1066.592675,404846.0,,
2016-04-04,1070.862693,1076.428108,1053.590714,1059.491973,209941.0,,
2016-04-05,1067.984029,1067.984029,1043.99517,1058.772307,306913.0,,
2016-04-06,1065.105366,1065.105366,1047.929343,1056.565332,273691.0,,
2016-04-07,1057.428931,1065.105366,1023.844528,1029.26601,533053.0,,
2016-04-08,1037.278289,1039.197398,1027.15499,1035.407158,82180.0,,
2016-04-11,1055.509822,1055.509822,1017.27158,1035.982891,164073.0,,
2016-04-12,1041.164484,1047.545521,1032.576473,1045.530457,84489.0,,
2016-04-13,1053.590714,1071.34247,1052.631159,1068.17594,105943.0,,
2016-04-14,1068.17594,1068.17594,1068.17594,1068.17594,0.0,,
2016-04-15,1068.17594,1068.17594,1068.17594,1068.17594,0.0,,
2016-04-18,1079.498682,1090.581535,1049.46463,1081.705657,389633.0,,
2016-04-19,1081.705657,1081.705657,1081.705657,1081.705657,0.0,,
2016-04-20,1099.985168,1111.643754,1088.806359,1092.356711,103804.0,,
2016-04-21,1100.321012,1110.012511,1094.611664,1102.240121,97027.0,,
2016-04-22,1102.240121,1105.40665,1076.620019,1085.63983,180636.0,,
2016-04-25,1084.296454,1084.296454,1062.226703,1066.640653,49728.0,,
2016-04-26,1066.640653,1086.215563,1059.252084,1082.233412,66679.0,,
2016-04-27,1077.819462,1082.809145,1069.423361,1077.627551,44195.0,,
2016-04-28,1078.539128,1079.594637,1039.197398,1043.035615,80303.0,,
2016-04-29,1039.485264,1057.428931,1032.096695,1044.762813,97312.0,,
2016-05-02,1053.542736,1053.542736,1035.407158,1048.553053,206820.0,,
2016-05-03,1055.509822,1070.862693,1051.671605,1055.030045,232838.0,,
2016-05-04,1055.030045,1091.972889,1054.550268,1085.256008,1142509.0,,
2016-05-05,1092.836488,1127.956178,1089.909847,1116.77737,175575.0,,
2016-05-06,1115.961749,1125.557292,1103.007764,1120.375699,73570.0,,
2016-05-09,1124.597738,1158.134164,1123.638184,1155.303478,149988.0,,
2016-05-10,1151.465261,1170.656348,1149.498174,1169.217017,79672.0,,
2016-05-11,1151.513238,1171.184103,1151.513238,1154.967634,52069.0,,
2016-05-12,1166.338354,1166.818131,1141.869717,1147.003333,56229.0,,
2016-05-13,1147.627043,1154.679768,1111.883642,1118.888389,76927.0,,
2016-05-16,1120.75952,1142.877249,1113.562863,1139.27892,577969.0,,
2016-05-17,1144.74838,1179.100427,1144.74838,1167.058019,113154.0,,
2016-05-18,1159.141696,1164.707111,1148.10682,1159.333607,60527.0,,
2016-05-19,1159.141696,1159.189674,1126.03707,1129.107644,58319.0,,
2016-05-20,1132.274173,1144.74838,1125.413359,1132.370129,36993.0,,
2016-05-23,1131.314619,1136.112391,1111.259932,1113.658818,159820.0,,
2016-05-24,1127.476401,1130.163153,1113.658818,1125.845159,54268.0,,
2016-05-25,1137.071945,1162.979913,1135.728569,1158.134164,178644.0,,
2016-05-26,1157.222587,1183.802243,1143.213093,1177.853006,97331.0,,
2016-05-27,1178.812561,1215.275627,1169.744772,1206.447727,185414.0,,
2016-05-30,1206.159861,1207.983014,1164.227334,1180.779647,95994.0,,
2016-05-31,1189.655525,1198.483426,1174.014789,1188.791926,51976.0,,
2016-06-01,1191.766545,1196.564317,1180.779647,1191.142835,33829.0,,
2016-06-02,1187.928327,1211.917187,1182.650778,1209.566279,40631.0,,
2016-06-03,1210.957633,1216.235182,1196.228473,1204.720529,51714.0,,
2016-06-06,1208.078969,1213.836296,1197.523871,1201.074222,54952.0,,
2016-06-07,1196.564317,1208.030992,1192.965988,1199.874779,52771.0,,
2016-06-08,1208.078969,1215.755404,1198.003648,1209.374368,50832.0,,
2016-06-09,1205.200306,1206.927504,1184.042132,1188.312149,41963.0,,
2016-06-10,1193.445765,1201.1222,1178.860538,1181.019536,115824.0,,
2016-06-13,1178.332784,1181.019536,1153.432347,1158.42203,1628775.0,,
2016-06-14,1158.42203,1162.979913,1141.869717,1150.985484,53809.0,,
2016-06-15,1163.89149,1163.89149,1142.349494,1157.078654,78248.0,,
2016-06-16,1148.874464,1156.74281,1135.152836,1152.712681,62099.0,,
2016-06-17,1168.641284,1186.009219,1162.500136,1178.140873,141369.0,,
2016-06-20,1162.548114,1184.138088,1158.997763,1177.948962,74185.0,,
2016-06-21,1180.251892,1191.046879,1171.280059,1187.688439,62557.0,,
2016-06-22,1185.049664,1191.670589,1175.502098,1188.120238,174373.0,,
2016-06-23,1180.347848,1198.483426,1179.340316,1192.2943,67537.0,,
2016-06-24,1168.73724,1177.373229,1151.369305,1174.158722,244731.0,,
2016-06-27,1159.141696,1179.772115,1159.141696,1167.729708,79014.0,,
2016-06-28,1169.696794,1182.890667,1162.979913,1179.292338,55471.0,,
2016-06-29,1182.218979,1200.306579,1181.691224,1197.140049,92743.0,,
2016-06-30,1203.281197,1214.79585,1193.445765,1202.033777,70472.0,,
2016-07-01,1189.847436,1211.43741,1189.55957,1194.309364,125354.0,,
2016-07-04,1200.210623,1214.028207,1197.044094,1201.793888,55885.0,,
2016-07-05,1205.296262,1210.909655,1196.08454,1208.366836,52929.0,,
2016-07-06,1208.366836,1208.366836,1208.366836,1208.366836,0.0,,
2016-07-07,1209.038524,1241.999217,1201.841866,1238.736732,111057.0,,
2016-07-08,1238.736732,1247.852499,1221.608686,1231.012319,116909.0,,
2016-07-11,1245.50159,1264.596723,1245.50159,1259.894906,95329.0,,
2016-07-12,1262.005926,1281.964657,1262.005926,1278.846105,64111.0,,
2016-07-13,1281.005103,1283.78781,1262.773569,1274.863955,55355.0,,
2016-07-14,1290.600646,1290.600646,1264.740656,1282.204546,148489.0,,
2016-07-15,1287.780402,1323.174969,1283.465174,1319.053684,190834.0,0.989523,17.0
2016-07-18,1319.005198,1343.587452,1297.574515,1304.459485,983180.0,,
2016-07-19,1311.829313,1314.932398,1290.689544,1297.865429,137006.0,,
2016-07-20,1298.447258,1304.362514,1285.840974,1294.519915,61225.0,,
2016-07-21,1298.447258,1304.265543,1289.089516,1291.659259,76249.0,,
2016-07-22,1291.319859,1317.356684,1286.810688,1314.592998,175549.0,,
2016-07-25,1314.592998,1342.957138,1309.598971,1338.205538,132145.0,,
2016-07-26,1340.144967,1340.144967,1321.720398,1326.181083,33368.0,,
2016-07-27,1331.514511,1355.660393,1329.962968,1345.769309,158867.0,,
2016-07-28,1345.769309,1367.248477,1333.356967,1358.811964,139673.0,,
2016-07-29,1362.448392,1364.339335,1331.466025,1332.726653,150938.0,,
2016-08-01,1338.205538,1354.545222,1325.599254,1332.87211,166317.0,,
2016-08-02,1333.259996,1333.259996,1295.053258,1301.307914,64706.0,,
2016-08-03,1301.453372,1301.453372,1277.113546,1285.113688,91632.0,,
2016-08-04,1299.416972,1299.416972,1274.204404,1279.877232,152183.0,,
2016-08-05,1289.622859,1309.114113,1283.804574,1299.853343,880032.0,,
2016-08-08,1304.7504,1328.993254,1304.7504,1326.035626,67455.0,,
2016-08-09,1333.356967,1333.356967,1291.659259,1302.0352,166971.0,,
2016-08-10,1307.174685,1308.144399,1284.87126,1296.944201,63517.0,,
2016-08-11,1296.507829,1311.732342,1289.71983,1307.901971,88262.0,,
2016-08-12,1321.623426,1339.175252,1311.829313,1336.847938,86602.0,,
2016-08-15,1336.847938,1336.847938,1336.847938,1336.847938,0.0,,
2016-08-16,1340.144967,1341.841966,1308.241371,1318.617312,93433.0,,
2016-08-17,1316.871827,1330.205396,1312.99297,1324.047711,29224.0,,
2016-08-18,1335.781253,1335.781253,1323.077997,1332.53271,48825.0,,
2016-08-19,1328.508397,1333.502425,1318.811255,1328.168997,70767.0,,
2016-08-22,1328.508397,1338.98131,1318.811255,1336.023681,36830.0,,
2016-08-23,1342.084395,1342.084395,1322.690112,1334.375167,921015.0,,
2016-08-24,1357.599821,1357.599821,1325.356826,1342.326823,297363.0,,
2016-08-25,1342.326823,1347.417823,1311.538399,1316.483941,59385.0,,
2016-08-26,1320.750683,1329.332654,1308.483799,1325.550768,69234.0,,
2016-08-29,1323.029512,1337.720681,1316.871827,1333.453939,52902.0,,
2016-08-30,1335.878224,1367.296963,1327.00534,1350.133022,80660.0,,
2016-08-31,1349.842108,1370.933391,1349.842108,1363.563563,71030.0,,
2016-09-01,1363.563563,1384.169989,1362.448392,1378.836561,66653.0,,
2016-09-02,1380.872961,1397.93993,1377.963819,1394.448959,618244.0,,
2016-09-05,1394.448959,1394.448959,1394.448959,1394.448959,0.0,,
2016-09-06,1396.388388,1417.576642,1396.388388,1410.837129,117393.0,,
2016-09-07,1406.085529,1418.934242,1375.539533,1384.460904,52764.0,,
2016-09-08,1389.600389,1399.491473,1385.430618,1393.818645,32654.0,,
2016-09-09,1393.818645,1393.818645,1355.660393,1368.12122,95257.0,,
2016-09-12,1357.696793,1358.811964,1331.659968,1352.411851,66373.0,,
2016-09-13,1352.411851,1352.411851,1352.411851,1352.411851,0.0,,
2016-09-14,1347.90268,1355.563422,1336.60551,1350.326965,248639.0,,
2016-09-15,1353.042165,1371.17582,1347.90268,1366.42422,65947.0,,
2016-09-16,1371.806134,1373.503134,1349.93908,1357.939221,323730.0,,
2016-09-19,1357.114964,1359.490764,1344.993537,1351.878508,134089.0,,
2016-09-20,1351.878508,1355.611907,1341.114681,1351.345165,26159.0,,
2016-09-21,1350.763337,1363.418106,1343.054109,1350.036051,252642.0,,
2016-09-22,1363.563563,1375.054676,1361.672621,1370.690962,71558.0,,
2016-09-23,1376.994105,1383.927561,1369.769734,1381.45479,159410.0,,
2016-09-26,1377.963819,1377.963819,1361.478678,1370.933391,443917.0,,
2016-09-27,1370.933391,1379.41839,1363.418106,1374.763762,30954.0,,
2016-09-28,1342.132881,1388.630674,1342.132881,1379.854761,34288.0,,
2016-09-29,1387.418532,1389.067046,1350.375451,1357.696793,70260.0,,
2016-09-30,1357.599821,1357.599821,1341.114681,1350.860308,27215.0,,
2016-10-03,1352.751251,1385.624561,1344.993537,1381.939647,66342.0,,
2016-10-04,1386.691246,1390.473131,1374.084962,1386.157903,31062.0,,
2016-10-05,1391.539817,1396.388388,1371.17582,1377.769876,22285.0,,
2016-10-06,1381.745704,1389.600389,1376.994105,1380.679018,29616.0,,
2016-10-07,1381.842675,1381.842675,1356.242222,1363.030221,106300.0,,
2016-10-10,1368.266677,1369.236391,1344.217766,1349.648165,23373.0,,
2016-10-11,1349.648165,1349.648165,1349.648165,1349.648165,0.0,,
2016-10-12,1349.648165,1349.648165,1349.648165,1349.648165,0.0,,
2016-10-13,1343.054109,1343.054109,1294.568401,1297.913915,87715.0,,
2016-10-14,1300.871543,1312.99297,1275.804432,1279.246917,53800.0,,
2016-10-17,1280.022689,1280.749974,1259.22232,1262.567834,498500.0,,
2016-10-18,1270.325547,1313.041456,1268.531576,1310.859599,357430.0,,
2016-10-19,1315.126341,1318.132455,1295.48963,1301.453372,157984.0,,
2016-10-20,1308.144399,1325.599254,1305.477685,1317.890027,50026.0,,
2016-10-21,1318.811255,1318.811255,1291.174402,1296.022972,65570.0,,
2016-10-24,1297.477544,1323.659826,1293.11383,1310.714142,50492.0,,
2016-10-25,1310.714142,1310.714142,1287.780402,1299.223029,31030.0,,
2016-10-26,1299.901829,1303.295829,1280.022689,1295.48963,89141.0,,
2016-10-27,1295.538115,1356.096764,1289.283459,1341.502566,164994.0,,
2016-10-28,1329.478111,1347.90268,1322.059797,1346.060223,48193.0,,
2016-10-31,1346.060223,1346.060223,1346.060223,1346.060223,0.0,,
2016-11-01,1339.029795,1387.757932,1335.975196,1373.745562,230013.0,,
2016-11-02,1357.599821,1366.327249,1350.617879,1361.381707,108016.0,,
2016-11-03,1352.751251,1368.80002,1352.751251,1358.375593,35422.0,,
2016-11-04,1352.751251,1362.448392,1336.896424,1343.926852,33344.0,,
2016-11-07,1344.993537,1357.599821,1330.447825,1337.672195,49072.0,,
2016-11-08,1338.205538,1350.375451,1323.659826,1346.690537,201441.0,,
2016-11-09,1299.029086,1322.884054,1269.355833,1308.241371,890213.0,,
2016-11-10,1327.538682,1327.538682,1275.174118,1291.707744,227637.0,,
2016-11-11,1280.022689,1280.022689,1223.63381,1232.991552,507726.0,,
2016-11-14,1232.991552,1232.991552,1232.991552,1232.991552,0.0,,
2016-11-15,1229.597552,1229.597552,1165.208532,1189.063501,1847613.0,,
2016-11-16,1188.869558,1226.494467,1186.154358,1216.603383,185068.0,,
2016-11-17,1218.930697,1231.052124,1200.990985,1212.045726,56591.0,,
2016-11-18,1213.112412,1223.779268,1206.324413,1213.01544,192087.0,,
2016-11-21,1214.082126,1214.082126,1178.202702,1188.045301,167191.0,,
2016-11-22,1191.584757,1213.257869,1187.899844,1209.669927,36331.0,,
2016-11-23,1209.669927,1216.506411,1169.475275,1188.821072,47790.0,,
2016-11-24,1188.821072,1191.584757,1176.748131,1181.451245,30127.0,,
2016-11-25,1192.748414,1220.773154,1173.887474,1204.191042,66185.0,,
2016-11-28,1202.445556,1213.548783,1196.724243,1209.475984,89516.0,,
2016-11-29,1209.475984,1245.403893,1206.324413,1217.476126,49301.0,,
2016-11-30,1221.839839,1232.506695,1201.427356,1226.397496,52986.0,,
2016-12-01,1236.385552,1246.809979,1222.809553,1231.488495,970464.0,,
2016-12-02,1198.566699,1221.064068,1198.227299,1202.494042,61055.0,,
2016-12-05,1203.41527,1203.41527,1149.111277,1181.645187,80394.0,,
2016-12-06,1183.245216,1221.645896,1183.245216,1206.13047,107253.0,,
2016-12-07,1204.384984,1243.609922,1204.384984,1227.124781,106838.0,,
2016-12-08,1231.536981,1253.210092,1231.536981,1248.167579,47592.0,,
2016-12-09,1248.022121,1248.313036,1222.324696,1228.72481,63299.0,,
2016-12-12,1229.839981,1238.809837,1217.718554,1224.167153,20632.0,,
2016-12-13,1223.342896,1241.234122,1213.306355,1238.276494,29207.0,,
2016-12-14,1233.767323,1237.743151,1219.900411,1227.415696,42643.0,,
2016-12-15,1228.627838,1237.355266,1217.864011,1221.403468,41727.0,,
2016-12-16,1227.270239,1241.331094,1227.270239,1231.876381,77321.0,,
2016-12-19,1230.373324,1230.373324,1207.294127,1212.385126,34520.0,,
2016-12-20,1212.385126,1214.857897,1192.554472,1200.554613,38524.0,,
2016-12-21,1202.445556,1218.930697,1195.075728,1199.390956,48790.0,,
2016-12-22,1198.712157,1198.712157,1177.232988,1181.887616,98637.0,,
2016-12-23,1181.111845,1193.718129,1172.335931,1188.093787,48719.0,,
2016-12-26,1183.051273,1186.93013,1170.444989,1185.136158,97232.0,,
2016-12-27,1187.899844,1198.566699,1176.214788,1194.4939,38495.0,,
2016-12-28,1200.554613,1209.233555,1188.142272,1199.439442,142322.0,,
2016-12-29,1199.439442,1223.197439,1192.990843,1218.009468,42773.0,,
2016-12-30,1223.051982,1230.955152,1211.512383,1224.215639,472417.0,,
2017-01-02,1236.385552,1236.385552,1177.378445,1182.323987,197843.0,,
2017-01-03,1183.051273,1184.990701,1164.626704,1178.445131,142770.0,,
2017-01-04,1178.445131,1187.899844,1161.28119,1175.778417,584379.0,,
2017-01-05,1187.899844,1187.899844,1168.796475,1179.705759,87123.0,,
2017-01-06,1179.705759,1195.075728,1179.705759,1185.136158,183981.0,,
2017-01-09,1195.1727,1195.1727,1176.893588,1185.23313,31659.0,,
2017-01-10,1192.505986,1192.505986,1176.457217,1179.608788,56620.0,,
2017-01-11,1183.051273,1195.124214,1182.227016,1191.730215,57705.0,,
2017-01-12,1196.627271,1204.869841,1179.705759,1183.148244,75488.0,,
2017-01-13,1184.990701,1210.688126,1184.990701,1206.421384,44493.0,,
2017-01-16,1207.294127,1224.506553,1205.354699,1217.815525,83040.0,,
2017-01-17,1226.68841,1226.68841,1198.081842,1205.403184,41316.0,,
2017-01-18,1212.724526,1222.276211,1205.936527,1209.524469,306197.0,,
2017-01-19,1207.294127,1210.591155,1196.384843,1203.75467,29712.0,,
2017-01-20,1204.43347,1206.712298,1193.718129,1199.342471,57889.0,,
2017-01-23,1200.312185,1221.839839,1199.342471,1220.627697,36209.0,,
2017-01-24,1222.179239,1243.173551,1222.179239,1242.058379,62448.0,,
2017-01-25,1242.058379,1299.901829,1242.058379,1295.538115,110145.0,,
2017-01-26,1295.538115,1295.538115,1295.538115,1295.538115,0.0,,
2017-01-27,1293.598687,1333.356967,1291.562287,1329.187197,109667.0,,
2017-01-30,1328.993254,1336.26611,1319.296112,1327.441711,101684.0,,
2017-01-31,1334.326682,1345.381423,1312.023256,1324.96894,58364.0,,
2017-02-01,1323.61134,1377.769876,1323.61134,1372.097048,162061.0,,
2017-02-02,1369.187906,1369.187906,1344.605652,1360.21805,347505.0,,
2017-02-03,1358.569536,1365.357535,1344.363223,1353.672479,167897.0,,
2017-02-06,1364.38782,1369.236391,1346.932966,1357.16345,109020.0,,
2017-02-07,1357.16345,1367.296963,1346.932966,1363.175678,25707.0,,
2017-02-08,1366.327249,1367.975763,1342.569252,1357.16345,102675.0,,
2017-02-09,1359.53925,1378.448676,1346.20568,1357.16345,357072.0,,
2017-02-10,1366.812106,1366.812106,1341.454081,1346.351137,39534.0,,
2017-02-13,1348.096623,1354.690679,1331.902396,1351.975479,32726.0,,
2017-02-14,1352.023965,1361.090792,1346.496594,1355.854336,39494.0,,
2017-02-15,1357.50285,1365.793906,1347.90268,1355.854336,77885.0,,
2017-02-16,1354.496736,1361.430192,1344.50868,1351.151222,32843.0,,
2017-02-17,1386.691246,1391.539817,1354.642193,1359.587735,98428.0,,
2017-02-20,1365.357535,1367.296963,1345.478394,1352.023965,39820.0,,
2017-02-21,1352.751251,1371.17582,1347.660251,1369.187906,42576.0,,
2017-02-22,1368.266677,1372.145534,1350.375451,1352.508822,251029.0,,
2017-02-23,1353.720965,1362.690821,1336.94491,1343.15108,58464.0,,
2017-02-24,1343.15108,1343.15108,1343.15108,1343.15108,0.0,,
2017-02-27,1338.30251,1341.841966,1326.811397,1333.114539,86628.0,,
2017-02-28,1333.356967,1342.084395,1326.084111,1327.34474,59487.0,,
2017-03-01,1327.34474,1362.448392,1326.568968,1358.18165,74973.0,,
2017-03-02,1361.478678,1372.048562,1349.842108,1355.46645,92816.0,,
2017-03-03,1350.472422,1352.751251,1324.62954,1329.817511,53554.0,,
2017-03-06,1338.205538,1350.569394,1322.25374,1323.902254,84342.0,,
2017-03-07,1330.205396,1331.320568,1321.429483,1323.756797,48270.0,,
2017-03-08,1324.62954,1334.811539,1319.780969,1325.890168,59080.0,,
2017-03-09,1338.086842,1343.091851,1326.035945,1332.644502,31078.0,0.997806,17.0
2017-03-10,1333.470571,1344.403844,1330.457847,1333.85931,140728.0,,
2017-03-13,1333.85931,1333.85931,1333.85931,1333.85931,0.0,,
2017-03-14,1370.303553,1388.768636,1370.303553,1382.98615,730187.0,,
2017-03-15,1386.922128,1394.599715,1376.474778,1388.525675,88326.0,,
2017-03-16,1389.837668,1413.696499,1389.837668,1408.885859,463089.0,,
2017-03-17,1418.895878,1420.40224,1399.458948,1409.906298,194029.0,,
2017-03-20,1409.906298,1423.657925,1406.261873,1417.389516,93304.0,,
2017-03-21,1409.32319,1430.995366,1408.691489,1417.000777,161840.0,,
2017-03-22,1409.177413,1413.988053,1394.599715,1401.791379,89042.0,,
2017-03-23,1404.31818,1418.895878,1399.458948,1415.008492,371741.0,,
2017-03-24,1415.008492,1426.379096,1414.76553,1420.888163,414614.0,,
2017-03-27,1420.839571,1437.360961,1415.980338,1433.279206,251300.0,,
2017-03-28,1433.279206,1463.406447,1433.279206,1461.462754,1683807.0,,
2017-03-29,1462.62897,1482.0659,1456.700706,1476.089044,132143.0,,
2017-03-30,1479.247545,1485.321585,1469.237526,1478.081329,1109936.0,,
2017-03-31,1478.178514,1478.178514,1455.874637,1460.102169,117238.0,,
2017-04-03,1467.585387,1492.999173,1459.71343,1489.549118,66098.0,,
2017-04-04,1489.549118,1489.549118,1489.549118,1489.549118,0.0,,
2017-04-05,1488.868825,1488.868825,1443.872332,1448.099865,263734.0,,
2017-04-06,1452.910505,1452.910505,1427.982642,1442.657524,64800.0,,
2017-04-07,1440.665239,1451.501327,1425.698803,1442.220193,194297.0,,
2017-04-10,1443.19204,1457.769737,1423.75511,1425.358657,279306.0,,
2017-04-11,1425.455841,1444.64981,1421.276902,1434.056683,144557.0,,
2017-04-12,1435.271491,1435.417268,1419.57617,1424.58118,165828.0,,
2017-04-13,1422.345933,1442.220193,1421.957194,1433.327798,535146.0,,
2017-04-14,1433.327798,1433.327798,1433.327798,1433.327798,0.0,,
2017-04-17,1433.327798,1451.938658,1433.327798,1436.340522,43711.0,,
2017-04-18,1438.770138,1449.849188,1433.473575,1438.138438,176117.0,,
2017-04-19,1438.478584,1450.91822,1429.294635,1447.954088,104538.0,,
2017-04-20,1452.473174,1487.896979,1446.836464,1474.242535,195653.0,,
2017-04-21,1481.968715,1483.718039,1449.946373,1464.71844,60330.0,,
2017-04-24,1466.079025,1494.699904,1466.079025,1487.848386,54774.0,,
2017-04-25,1490.132225,1512.193141,1489.840672,1504.807107,121371.0,,
2017-04-26,1504.807107,1545.090145,1504.807107,1540.376689,244122.0,,
2017-04-27,1530.658224,1544.652814,1516.080527,1523.223598,71369.0,,
2017-04-28,1523.223598,1525.798992,1489.792079,1493.77665,2640142.0,,
2017-05-01,1493.77665,1493.77665,1493.77665,1493.77665,0.0,,
2017-05-02,1499.704913,1542.320382,1499.704913,1538.384404,935568.0,,
2017-05-03,1539.404843,1545.041552,1517.052373,1526.819431,448290.0,,
2017-05-04,1535.080126,1541.348536,1511.561441,1520.356651,219463.0,,
2017-05-05,1525.798992,1525.798992,1497.032336,1502.960599,132665.0,,
2017-05-08,1502.474676,1505.876139,1482.0659,1486.730763,52527.0,,
2017-05-09,1493.728057,1499.21899,1475.748897,1480.413761,51663.0,,
2017-05-10,1487.848386,1530.658224,1485.515955,1528.520162,74108.0,,
2017-05-11,1528.520162,1535.517457,1511.367071,1517.732666,336193.0,,
2017-05-12,1518.02422,1518.412958,1496.740782,1505.244438,28485.0,,
2017-05-15,1506.362062,1525.798992,1506.362062,1514.768534,20306.0,,
2017-05-16,1525.55603,1525.55603,1509.569155,1522.543306,37760.0,,
2017-05-17,1518.121404,1525.55603,1506.362062,1508.937455,182637.0,,
2017-05-18,1505.390215,1515.205865,1487.022317,1495.86612,88700.0,,
2017-05-19,1498.58729,1499.121806,1473.853797,1478.470068,107491.0,,
2017-05-22,1498.58729,1498.58729,1467.731164,1476.672152,59168.0,,
2017-05-23,1481.579976,1492.416065,1462.094454,1468.168495,514804.0,,
2017-05-24,1471.715734,1498.004182,1471.278404,1481.968715,62109.0,,
2017-05-25,1492.756211,1500.968314,1491.104072,1495.137235,63008.0,,
2017-05-26,1495.67175,1518.753105,1488.431494,1504.272592,124338.0,,
2017-05-29,1501.502829,1556.509341,1501.502829,1553.788171,1398501.0,,
2017-05-30,1553.788171,1559.813619,1531.095555,1537.218188,65766.0,,
2017-05-31,1538.432996,1550.095154,1521.620052,1525.944769,93244.0,,
2017-06-01,1516.080527,1542.07742,1515.400234,1538.044257,103568.0,,
2017-06-02,1538.190034,1566.859506,1538.190034,1564.770036,352827.0,,
2017-06-05,1564.672851,1566.227806,1547.08243,1560.736873,156761.0,,
2017-06-06,1563.701005,1579.153364,1555.002979,1560.88265,205914.0,,
2017-06-07,1560.785465,1566.713729,1546.25636,1552.621955,100763.0,,
2017-06-08,1560.785465,1589.357752,1560.736873,1588.045759,247312.0,,
2017-06-09,1584.061189,1602.574865,1575.265978,1598.541702,94044.0,,
2017-06-12,1597.764224,1604.032634,1588.240129,1597.181117,78390.0,,
2017-06-13,1597.715632,1633.188029,1597.715632,1621.477279,171294.0,,
2017-06-14,1613.265176,1620.068101,1598.444517,1604.518558,218903.0,,
2017-06-15,1604.518558,1606.413658,1584.109781,1591.690184,35838.0,,
2017-06-16,1593.828246,1603.74108,1583.67245,1592.953584,2046033.0,,
2017-06-19,1606.46225,1612.293329,1599.270586,1607.142543,69278.0,,
2017-06-20,1607.142543,1607.142543,1584.109781,1587.462652,51088.0,,
2017-06-21,1590.912707,1590.912707,1570.50393,1581.58298,38320.0,,
2017-06-22,1588.871829,1613.265176,1586.636582,1608.11439,51076.0,,
2017-06-23,1609.37779,1613.265176,1596.306455,1604.372781,704911.0,,
2017-06-26,1604.372781,1604.372781,1604.372781,1604.372781,0.0,,
2017-06-27,1604.518558,1619.727955,1594.411354,1604.858704,438285.0,,
2017-06-28,1617.832854,1617.832854,1574.585686,1582.749196,39741.0,,
2017-06-29,1588.969014,1608.405943,1575.751901,1586.102066,42476.0,,
2017-06-30,1581.145649,1581.145649,1562.729158,1570.844077,39382.0,,
2017-07-03,1569.532084,1582.846381,1556.460749,1576.529379,51891.0,,
2017-07-04,1576.383602,1599.367771,1571.038446,1594.216985,39320.0,,
2017-07-05,1594.800093,1594.800093,1577.258263,1583.526673,35294.0,,
2017-07-06,1584.012597,1606.753804,1579.250549,1601.01991,61958.0,,
2017-07-07,1603.546711,1603.546711,1571.524369,1583.332304,74625.0,,
2017-07-10,1601.505833,1604.469965,1575.606124,1592.03033,500465.0,,
2017-07-11,1593.828246,1603.546711,1584.109781,1595.286016,39188.0,,
2017-07-12,1599.659325,1599.659325,1580.708318,1593.633877,21438.0,,
2017-07-13,1591.884553,1618.124408,1590.912707,1609.669344,260335.0,,
2017-07-14,1608.394397,1618.20168,1606.432941,1616.534442,22069.0,0.990944,17.0
2017-07-17,1616.534442,1626.047506,1614.720095,1619.966991,269976.0,,
2017-07-18,1623.105322,1643.651579,1616.240223,1621.290974,45955.0,,
2017-07-19,1642.719887,1642.719887,1611.042364,1623.154358,31665.0,,
2017-07-20,1623.350504,1631.931876,1611.189473,1619.280481,28850.0,,
2017-07-21,1621.143865,1621.143865,1591.722016,1609.963562,3805329.0,,
2017-07-24,1610.502963,1612.268274,1597.606386,1603.490756,48243.0,,
2017-07-25,1605.20703,1605.452212,1596.625658,1600.842789,2652494.0,,
2017-07-26,1601.529299,1613.298039,1589.417305,1601.774481,533008.0,,
2017-07-27,1612.31731,1709.213265,1611.336582,1695.188851,245625.0,,
2017-07-28,1690.726537,1763.349467,1676.555013,1749.423125,397132.0,,
2017-07-31,1748.638543,1764.330195,1718.235966,1751.727837,119648.0,,
2017-08-01,1764.330195,1764.330195,1720.295495,1740.204279,71734.0,,
2017-08-02,1740.204279,1742.165736,1726.081792,1731.966162,297065.0,,
2017-08-03,1739.419697,1742.705137,1693.374504,1704.162515,66875.0,,
2017-08-04,1704.162515,1704.701915,1687.048806,1699.504055,64600.0,,
2017-08-07,1701.563585,1718.285002,1686.950733,1693.325467,53123.0,,
2017-08-08,1696.56187,1699.84731,1669.199551,1687.441097,60405.0,,
2017-08-09,1677.045378,1707.496991,1672.730173,1698.081999,53312.0,,
2017-08-10,1692.884139,1715.44089,1668.316896,1669.689915,403434.0,,
2017-08-11,1667.238095,1673.31861,1648.310039,1661.500834,124657.0,,
2017-08-14,1667.238095,1711.370868,1658.999977,1681.360582,188311.0,,
2017-08-15,1681.360582,1681.360582,1681.360582,1681.360582,0.0,,
2017-08-16,1687.195915,1724.46359,1686.362296,1707.987355,1113135.0,,
2017-08-17,1715.735109,1730.985434,1687.833389,1724.267445,93757.0,,
2017-08-18,1724.120335,1724.120335,1693.766795,1701.612621,501623.0,,
2017-08-21,1702.544313,1711.61605,1696.659943,1705.388425,57292.0,,
2017-08-22,1704.898061,1721.619478,1702.985641,1716.176436,93917.0,,
2017-08-23,1720.197422,1733.927618,1714.803417,1728.876868,40509.0,,
2017-08-24,1737.654386,1737.654386,1714.313053,1722.060806,33627.0,,
2017-08-25,1722.060806,1722.060806,1722.060806,1722.060806,0.0,,
2017-08-28,1723.139607,1749.423125,1723.139607,1732.701708,73856.0,,
2017-08-29,1730.789288,1730.789288,1690.530392,1694.551377,100495.0,,
2017-08-30,1697.199344,1735.889075,1697.199344,1725.493355,48645.0,,
2017-08-31,1735.594856,1745.696358,1712.694851,1741.234044,85705.0,,
2017-09-01,1742.754173,1742.754173,1718.235966,1725.297209,37969.0,,
2017-09-04,1726.081792,1726.081792,1708.379646,1721.717551,57394.0,,
2017-09-05,1716.274509,1737.752459,1716.274509,1732.94689,31446.0,,
2017-09-06,1722.55117,1742.361882,1714.852453,1740.645607,56801.0,,
2017-09-07,1738.929333,1753.542184,1723.23768,1744.56852,49433.0,,
2017-09-08,1746.235758,1754.42484,1736.869803,1743.980083,34598.0,,
2017-09-11,1750.599999,1760.407282,1742.607064,1747.020341,40911.0,,
2017-09-12,1742.754173,1767.517562,1735.251602,1762.76103,43983.0,,
2017-09-13,1765.310924,1765.310924,1739.419697,1743.048391,27108.0,,
2017-09-14,1745.647321,1745.647321,1729.514341,1737.311131,38090.0,,
2017-09-15,1730.789288,1745.549249,1724.659736,1736.722694,322716.0,,
2017-09-18,1740.792716,1744.813702,1729.80856,1736.77173,34085.0,,
2017-09-19,1745.549249,1745.549249,1716.323546,1719.069585,31113.0,,
2017-09-20,1714.313053,1736.134257,1714.313053,1732.554599,27882.0,,
2017-09-21,1726.228901,1760.407282,1726.228901,1754.375803,56765.0,,
2017-09-22,1754.375803,1754.375803,1736.428476,1748.148179,96442.0,,
2017-09-25,1748.638543,1748.638543,1705.486498,1720.883932,617031.0,,
2017-09-26,1743.734901,1743.734901,1695.041742,1706.320117,145722.0,,
2017-09-27,1709.409411,1718.677293,1681.998055,1685.822896,35084.0,,
2017-09-28,1685.871932,1715.293781,1681.1154,1706.712408,57146.0,,
2017-09-29,1707.447955,1723.090571,1695.630179,1707.153736,119899.0,,
2017-10-02,1707.153736,1707.153736,1707.153736,1707.153736,0.0,,
2017-10-03,1716.274509,1733.437254,1701.90684,1728.582649,67270.0,,
2017-10-04,1711.910268,1742.950319,1711.910268,1733.682436,49271.0,,
2017-10-05,1736.673658,1736.869803,1714.75438,1718.628257,53721.0,,
2017-10-06,1718.628257,1731.181579,1699.651165,1706.467226,251407.0,,
2017-10-09,1706.565299,1721.178151,1698.6214,1715.931254,50940.0,,
2017-10-10,1716.274509,1717.696565,1703.623114,1711.076649,51594.0,,
2017-10-11,1711.174722,1727.847103,1710.390139,1716.519691,39171.0,,
2017-10-12,1716.715837,1724.120335,1707.987355,1721.374296,61532.0,,
2017-10-13,1718.235966,1739.321624,1718.235966,1731.279652,199694.0,,
2017-10-16,1716.274509,1744.617557,1712.645814,1729.906632,39531.0,,
2017-10-17,1730.985434,1733.339181,1718.775366,1725.738537,34520.0,,
2017-10-18,1726.081792,1729.955669,1715.587999,1718.334039,34451.0,,
2017-10-19,1730.004705,1730.004705,1707.447955,1713.773652,8559.0,,
2017-10-20,1713.773652,1713.773652,1713.773652,1713.773652,0.0,,
2017-10-23,1713.430397,1714.75438,1679.74238,1687.735316,197761.0,,
2017-10-24,1696.610907,1697.787781,1680.968291,1689.500627,305250.0,,
2017-10-25,1701.563585,1705.290352,1617.662279,1645.563999,104382.0,,
2017-10-26,1642.719887,1672.141736,1606.432941,1656.008756,114665.0,,
2017-10-27,1667.336167,1682.145165,1652.52717,1665.276638,37142.0,,
2017-10-30,1672.141736,1688.814117,1653.017534,1672.6321,125660.0,,
2017-10-31,1680.772145,1693.521613,1667.238095,1674.446448,57774.0,,
2017-11-01,1675.083921,1725.983719,1670.523534,1717.598492,95807.0,,
2017-11-02,1721.178151,1735.300638,1715.293781,1727.552884,46435.0,,
2017-11-03,1728.582649,1755.258459,1726.915411,1741.135971,62918.0,,
2017-11-06,1741.135971,1760.407282,1733.584363,1749.91349,39815.0,,
2017-11-07,1750.599999,1769.724201,1726.915411,1730.249887,46839.0,,
2017-11-08,1730.004705,1742.508991,1708.526756,1713.381361,41591.0,,
2017-11-09,1739.811988,1739.811988,1674.00512,1692.638957,144110.0,,
2017-11-10,1691.756302,1691.805338,1664.393983,1674.838739,37495.0,,
2017-11-13,1676.064649,1691.756302,1635.413462,1638.895047,151721.0,,
2017-11-14,1628.548364,1649.584985,1627.567635,1630.607893,72687.0,,
2017-11-15,1632.373204,1643.602543,1618.20168,1620.065064,49053.0,,
2017-11-16,1625.066778,1640.022885,1618.20168,1631.88284,156536.0,,
2017-11-17,1657.528885,1684.646022,1655.028027,1668.218823,104612.0,,
2017-11-20,1668.414969,1673.220537,1651.889697,1657.577921,33842.0,,
2017-11-21,1657.970212,1691.658229,1655.273209,1659.833596,39148.0,,
2017-11-22,1668.660151,1691.658229,1663.119036,1685.185422,52619.0,,
2017-11-23,1681.164436,1687.833389,1667.532313,1670.425462,41494.0,,
2017-11-24,1686.85266,1686.85266,1664.590128,1677.192487,30783.0,,
2017-11-27,1677.192487,1680.870218,1666.74773,1678.222251,86933.0,,
2017-11-28,1681.949019,1701.514548,1677.29056,1692.295702,56333.0,,
2017-11-29,1697.150307,1697.150307,1667.238095,1670.082207,60018.0,,
2017-11-30,1671.161008,1671.161008,1640.758431,1645.514963,72709.0,,
2017-12-01,1647.623529,1654.292481,1620.163137,1627.273417,71163.0,,
2017-12-04,1625.066778,1652.52717,1619.231445,1647.182201,533402.0,,
2017-12-05,1647.378347,1657.381775,1633.402969,1646.397618,96185.0,,
2017-12-06,1653.507899,1653.507899,1610.355854,1617.171915,152527.0,,
2017-12-07,1618.20168,1628.008963,1612.660565,1624.233159,98941.0,,
2017-12-08,1623.105322,1655.273209,1623.105322,1644.926526,128054.0,,
2017-12-11,1647.672565,1683.616257,1647.672565,1677.928033,110573.0,,
2017-12-12,1663.315181,1681.850946,1661.353725,1677.584778,44130.0,,
2017-12-13,1680.870218,1683.076856,1655.714537,1664.737237,623058.0,,
2017-12-14,1667.238095,1679.006834,1651.056078,1676.555013,4034102.0,,
2017-12-15,1677.045378,1700.582856,1677.045378,1689.647736,59642.0,,
2017-12-18,1695.679215,1706.467226,1648.604257,1684.989277,82736.0,,
2017-12-19,1701.563585,1701.563585,1672.190772,1676.751159,90386.0,,
2017-12-20,1685.871932,1687.833389,1657.823103,1660.274924,119554.0,,
2017-12-21,1660.274924,1676.800195,1660.274924,1669.34666,40909.0,,
2017-12-22,1664.786274,1683.71433,1664.786274,1675.427176,37363.0,,
2017-12-25,1675.427176,1675.427176,1675.427176,1675.427176,0.0,,
2017-12-26,1678.026106,1686.85266,1669.199551,1676.162722,68714.0,,
2017-12-27,1681.949019,1683.223966,1669.199551,1675.083921,18119.0,,
2017-12-28,1681.949019,1681.998055,1657.430812,1661.844089,35369.0,,
2017-12-29,1666.257366,1679.987562,1666.257366,1677.437669,63147.0,,
2018-01-01,1679.006834,1679.006834,1649.535949,1654.831882,43178.0,,
2018-01-02,1673.907047,1673.907047,1654.537663,1669.248588,32576.0,,
2018-01-03,1674.054156,1678.51647,1662.824817,1668.12075,323416.0,,
2018-01-04,1683.812403,1683.812403,1659.392268,1672.6321,21299.0,,
2018-01-05,1676.947305,1697.444526,1672.877282,1692.687994,1209618.0,,
2018-01-08,1691.952448,1710.390139,1691.952448,1705.388425,463278.0,,
2018-01-09,1710.292067,1714.06787,1692.73703,1702.102985,23697.0,,
2018-01-10,1701.563585,1704.947097,1688.814117,1692.099557,18477.0,,
2018-01-11,1692.73703,1712.351596,1691.756302,1707.251809,31513.0,,
2018-01-12,1689.990991,1730.495069,1689.990991,1727.307702,71383.0,,
2018-01-15,1746.677086,1849.653557,1745.402139,1833.912868,1446765.0,,
2018-01-16,1833.912868,1837.29638,1803.853546,1813.072391,87482.0,,
2018-01-17,1807.972604,1831.41201,1807.48224,1824.105585,767051.0,,
2018-01-18,1825.625714,1880.056134,1825.625714,1860.441568,1045920.0,,
2018-01-19,1862.403024,1875.201529,1854.949489,1863.825081,2620446.0,,
2018-01-22,1875.152492,1887.607742,1828.028498,1838.031926,459110.0,,
2018-01-23,1838.031926,1859.656985,1834.01094,1845.485461,676606.0,,
2018-01-24,1849.653557,1881.968554,1849.653557,1871.180543,2828733.0,,
2018-01-25,1871.180543,1884.665557,1839.306873,1865.88461,478470.0,,
2018-01-26,1865.88461,1865.88461,1865.88461,1865.88461,0.0,,
2018-01-29,1871.229579,1943.803473,1871.229579,1915.607534,1066863.0,,
2018-01-30,1934.976918,1934.976918,1889.765344,1895.992968,325789.0,,
2018-01-31,1900.553355,1924.973489,1881.870481,1918.010319,84913.0,,
2018-02-01,1919.77563,1936.055719,1896.532369,1929.631949,104081.0,,
2018-02-02,1910.409674,1910.409674,1858.480111,1866.620156,120692.0,,
2018-02-05,1848.721865,1848.721865,1779.139193,1790.760823,185762.0,,
2018-02-06,1735.889075,1774.137478,1726.081792,1754.42484,125326.0,,
2018-02-07,1765.310924,1784.92549,1735.889075,1750.501926,107040.0,,
2018-02-08,1755.503641,1798.655686,1755.503641,1776.785445,748021.0,,
2018-02-09,1750.109635,1750.109635,1730.985434,1739.027405,94554.0,,
2018-02-12,1750.599999,1777.766173,1729.220123,1770.606856,253232.0,,
2018-02-13,1770.606856,1770.606856,1770.606856,1770.606856,0.0,,
2018-02-14,1779.04112,1795.713501,1771.636621,1778.844974,44320.0,,
2018-02-15,1783.062106,1813.268537,1780.021848,1794.732772,231378.0,,
2018-02-16,1794.732772,1806.452475,1772.176022,1781.100649,416945.0,,
2018-02-19,1781.247758,1792.280952,1767.762744,1776.393153,26733.0,,
2018-02-20,1808.462968,1808.462968,1767.762744,1774.284588,36531.0,,
2018-02-21,1779.04112,1794.6347,1777.1287,1788.946475,342235.0,,
2018-02-22,1788.946475,1789.829131,1774.137478,1782.718851,1182059.0,,
2018-02-23,1767.27238,1791.88866,1767.27238,1788.897439,572242.0,,
2018-02-26,1786.886946,1815.573249,1786.886946,1807.237058,63474.0,,
2018-02-27,1817.044341,1817.044341,1784.435125,1792.231915,41767.0,,
2018-02-28,1776.098935,1793.752044,1768.351181,1779.776666,381334.0,,
2018-03-01,1775.118207,1783.895725,1769.233837,1777.717137,62314.0,,
2018-03-02,1777.717137,1777.717137,1777.717137,1777.717137,0.0,,
2018-03-05,1779.776666,1779.776666,1746.088649,1755.994005,334340.0,,
2018-03-06,1771.195293,1784.582235,1718.383075,1728.092285,149059.0,,
2018-03-07,1735.889075,1747.657814,1724.6107,1727.896139,114916.0,,
2018-03-08,1763.349467,1767.566599,1737.850532,1762.859103,268479.0,,
2018-03-09,1765.310924,1799.047977,1765.310924,1783.405361,49790.0,,
2018-03-12,1789.97624,1825.576677,1789.97624,1819.201943,77576.0,,
2018-03-13,1824.154621,1843.671114,1817.142414,1827.341988,77483.0,,
2018-03-14,1809.443697,1827.341988,1802.774744,1810.718644,40774.0,,
2018-03-15,1811.405153,1812.434918,1792.379025,1794.830845,397640.0,,
2018-03-16,1785.906218,1793.359753,1750.109635,1756.288223,201252.0,,
2018-03-19,1765.310924,1770.214565,1735.889075,1741.234044,122421.0,,
2018-03-20,1740.792716,1771.587585,1735.889075,1765.310924,170821.0,,
2018-03-21,1750.845181,1794.732772,1750.845181,1783.797652,347168.0,,
2018-03-22,1786.892902,1805.562666,1771.760568,1777.115842,120562.0,0.998076,17.0
2018-03-23,1763.801353,1767.731829,1746.015946,1754.122554,152900.0,,
2018-03-26,1739.481529,1837.350395,1739.481529,1800.747832,1087019.0,,
2018-03-27,1803.20438,1833.321657,1783.453735,1790.282938,101053.0,,
2018-03-28,1793.279927,1799.568689,1781.439366,1792.690355,67435.0,,
2018-03-29,1792.690355,1792.690355,1792.690355,1792.690355,0.0,,
2018-03-30,1792.690355,1792.690355,1792.690355,1792.690355,0.0,,
2018-04-02,1803.106118,1820.498477,1797.210403,1806.152237,18726.0,,
2018-04-03,1798.684332,1812.932309,1785.418974,1798.291284,33076.0,,
2018-04-04,1793.279927,1798.193022,1762.818733,1771.90796,68830.0,,
2018-04-05,1779.670652,1798.193022,1779.670652,1791.019903,26927.0,,
2018-04-06,1791.314688,1806.348761,1789.251188,1797.799975,22529.0,,
2018-04-09,1798.242153,1814.111452,1796.817356,1804.678309,18616.0,,
2018-04-10,1812.735786,1817.550619,1786.205069,1790.086414,22442.0,,
2018-04-11,1790.3812,1794.802986,1773.529282,1782.17633,228484.0,,
2018-04-12,1776.575401,1799.175641,1774.118853,1796.620832,19071.0,,
2018-04-13,1783.011557,1810.967071,1783.011557,1808.608785,466750.0,,
2018-04-16,1807.920952,1841.919574,1802.811332,1838.185621,37102.0,,
2018-04-17,1840.445645,1863.930243,1831.356418,1857.10104,153985.0,,
2018-04-18,1857.248433,1866.8781,1840.19999,1843.983074,20587.0,,
2018-04-19,1840.003467,1866.976362,1822.267191,1832.044252,453706.0,,
2018-04-20,1819.319334,1838.824324,1799.716082,1799.814344,879625.0,,
2018-04-23,1808.019214,1814.897548,1796.276915,1799.175641,30398.0,,
2018-04-24,1790.577724,1836.515169,1790.577724,1821.137179,317702.0,,
2018-04-25,1822.758501,1825.26418,1808.412261,1817.206703,71058.0,,
2018-04-26,1812.932309,1827.475073,1811.360119,1823.691989,85333.0,,
2018-04-27,1808.019214,1828.555954,1808.019214,1825.558965,277531.0,,
2018-04-30,1825.018525,1859.16454,1825.018525,1851.893158,75155.0,,
2018-05-01,1851.893158,1851.893158,1851.893158,1851.893158,0.0,,
2018-05-02,1876.802553,1880.536506,1839.65955,1877.293863,91527.0,,
2018-05-03,1915.1247,1915.1247,1873.658172,1889.47834,497275.0,,
2018-05-04,1886.628745,1900.925853,1869.482041,1878.816923,395100.0,,
2018-05-07,1878.767792,1885.056554,1867.713326,1880.73303,31953.0,,
2018-05-08,1883.680887,1886.628745,1862.701969,1871.692934,530093.0,,
2018-05-09,1857.395825,1871.889458,1849.534872,1863.340671,40237.0,,
2018-05-10,1852.777515,1874.395136,1852.777515,1862.996754,34761.0,,
2018-05-11,1866.976362,1893.212293,1866.976362,1887.807888,36942.0,,
2018-05-14,1888.593983,1902.203258,1886.677876,1896.356674,480898.0,,
2018-05-15,1886.628745,1907.705925,1886.628745,1896.356674,39738.0,,
2018-05-16,1896.454936,1896.454936,1875.033839,1881.568256,30942.0,,
2018-05-17,1885.547864,1885.547864,1836.515169,1842.460015,50018.0,,
2018-05-18,1840.593038,1847.323979,1820.940655,1824.969394,31161.0,,
2018-05-21,1819.810643,1824.723739,1783.945045,1788.514224,67305.0,,
2018-05-22,1780.014568,1797.603451,1767.682698,1778.393247,38594.0,,
2018-05-23,1774.610163,1776.870187,1749.062065,1752.89428,31986.0,,
2018-05-24,1758.888257,1781.979807,1758.888257,1774.659294,218534.0,,
2018-05-25,1788.366831,1796.227784,1765.668329,1788.366831,335347.0,,
2018-05-28,1805.071356,1805.071356,1789.644236,1798.536939,22582.0,,
2018-05-29,1798.193022,1798.193022,1773.627544,1778.688032,25074.0,,
2018-05-30,1781.979807,1793.181665,1751.027304,1761.737852,38024.0,,
2018-05-31,1773.627544,1803.155249,1766.2579,1796.719094,624575.0,,
2018-06-01,1798.193022,1823.642858,1793.279927,1811.310988,52182.0,,
2018-06-04,1820.007167,1838.234752,1793.279927,1800.846094,668044.0,,
2018-06-05,1803.106118,1817.845405,1788.465093,1814.946679,18144.0,,
2018-06-06,1817.845405,1828.113775,1805.906583,1822.414584,16108.0,,
2018-06-07,1827.671596,1840.396514,1821.038917,1834.353407,34847.0,,
2018-06-08,1827.671596,1828.35943,1796.227784,1808.215738,36227.0,,
2018-06-11,1809.001833,1817.796274,1799.961737,1807.478773,23551.0,,
2018-06-12,1810.967071,1822.758501,1804.923963,1815.683643,19452.0,,
2018-06-13,1820.793263,1822.758501,1795.294296,1798.487808,27580.0,,
2018-06-14,1800.158261,1806.053975,1794.45907,1801.484796,28138.0,,
2018-06-15,1810.91794,1830.275537,1796.03126,1799.912606,26574.0,,
2018-06-18,1803.106118,1803.106118,1788.366831,1793.034272,21085.0,,
2018-06-19,1789.496843,1805.317011,1784.436354,1794.950379,32083.0,,
2018-06-20,1802.221761,1817.845405,1797.357796,1814.455369,568451.0,,
2018-06-21,1814.897548,1840.19999,1813.521881,1823.004156,50594.0,,
2018-06-22,1822.758501,1875.279494,1822.758501,1869.334648,54655.0,,
2018-06-25,1884.663506,1884.663506,1852.580992,1860.73673,44887.0,,
2018-06-26,1843.393503,1888.495721,1843.393503,1880.143458,55238.0,,
2018-06-27,1881.813911,1901.368032,1863.930243,1873.854696,36632.0,,
2018-06-28,1863.242409,1879.504756,1833.370787,1846.390491,47494.0,,
2018-06-29,1859.557588,1878.276482,1842.509145,1874.198613,33357.0,,
2018-07-02,1891.54184,1891.54184,1846.34136,1861.178909,21180.0,,
2018-07-03,1872.380767,1872.380767,1843.983074,1850.714015,20700.0,,
2018-07-04,1846.34136,1893.605341,1846.34136,1889.429209,31538.0,,
2018-07-05,1889.576602,1903.284139,1875.181232,1898.027127,33330.0,,
2018-07-06,1897.437555,1904.463282,1872.282505,1882.452613,30148.0,,
2018-07-09,1886.628745,1895.472317,1868.548553,1876.507768,131206.0,,
2018-07-10,1880.339982,1910.211604,1871.398148,1905.495032,45567.0,,
2018-07-11,1911.194223,1925.884379,1886.628745,1894.686222,276000.0,,
2018-07-12,1905.298508,1944.505012,1902.154127,1927.653094,86910.0,,
2018-07-13,1927.94788,1944.603274,1909.47464,1938.609297,39979.0,,
2018-07-16,1965.238276,1965.238276,1938.117988,1956.935144,34247.0,,
2018-07-17,1960.32518,1960.32518,1933.794463,1955.461215,39456.0,,
2018-07-18,1975.064467,1988.722873,1965.729585,1973.344884,67526.0,,
2018-07-19,1990.435482,1991.426241,1958.731184,1970.917523,45350.0,0.991784,17.0
2018-07-20,1957.889038,1963.140063,1939.411377,1956.947817,31668.0,,
2018-07-23,1958.731184,1969.579998,1942.879034,1948.427287,135423.0,,
2018-07-24,1965.666499,1965.716037,1946.842072,1960.910854,29589.0,,
2018-07-25,1979.537129,1992.417001,1966.954486,1981.914952,60129.0,,
2018-07-26,1988.453963,2016.195224,1978.100528,2005.09872,35972.0,,
2018-07-27,2019.167502,2029.075096,2005.296872,2025.5579,48496.0,,
2018-07-30,2026.102818,2032.047374,1994.101292,2009.309447,86269.0,,
2018-07-31,2003.315353,2003.315353,1953.777387,1976.317162,124861.0,,
2018-08-01,1971.611055,1977.555611,1940.79844,1951.845406,1657390.0,,
2018-08-02,1945.752236,1947.089762,1910.332591,1914.791008,95838.0,,
2018-08-03,1929.008404,1961.703462,1924.252759,1956.105671,100547.0,,
2018-08-06,1972.601814,1975.772244,1950.111578,1957.344121,62792.0,,
2018-08-07,1955.758906,1974.335643,1948.625439,1953.777387,46661.0,,
2018-08-08,1964.378512,1969.233232,1935.943719,1962.496069,37716.0,,
2018-08-09,1970.620296,1970.620296,1944.365173,1959.276101,576795.0,,
2018-08-10,1959.276101,1961.703462,1934.061276,1957.145969,604244.0,,
2018-08-13,1951.795868,1951.845406,1922.073089,1928.215796,771898.0,,
2018-08-14,1941.789199,1956.749665,1919.59619,1923.707842,37528.0,,
2018-08-15,1923.707842,1923.707842,1923.707842,1923.707842,0.0,,
2018-08-16,1922.073089,1923.608766,1870.603142,1873.426806,1552379.0,,
2018-08-17,1882.442716,1885.613146,1864.113668,1866.194263,188910.0,,
2018-08-20,1879.470438,1905.824636,1873.82311,1902.30744,64456.0,,
2018-08-21,1901.960674,1912.215033,1890.467866,1895.025359,31923.0,,
2018-08-22,1895.025359,1895.025359,1895.025359,1895.025359,0.0,,
2018-08-23,1922.073089,1931.980682,1882.442716,1888.486348,156248.0,,
2018-08-24,1907.162161,1907.162161,1884.671924,1900.969915,35882.0,,
2018-08-27,1903.892655,1916.623912,1900.969915,1906.171402,41579.0,,
2018-08-28,1909.193217,1938.272004,1909.193217,1934.408042,48964.0,,
2018-08-29,1941.888275,1950.805109,1909.193217,1932.129296,45849.0,,
2018-08-30,1931.980682,1944.811015,1909.440907,1915.781767,49872.0,,
2018-08-31,1920.735564,1923.262,1893.390606,1913.651634,45534.0,,
2018-09-03,1941.591047,1941.591047,1909.490445,1921.726323,35522.0,,
2018-09-04,1930.989923,1940.847978,1922.073089,1936.984016,957139.0,,
2018-09-05,1924.054607,1946.990686,1905.72556,1921.924475,1984444.0,,
2018-09-06,1930.890847,1941.888275,1910.183977,1936.439099,38892.0,,
2018-09-07,1937.925238,1937.925238,1899.88008,1907.112623,74630.0,,
2018-09-10,1903.248661,1903.248661,1862.13215,1866.392415,1835663.0,,
2018-09-11,1853.710695,1864.460434,1843.406798,1848.261519,352393.0,,
2018-09-12,1863.568751,1867.48225,1839.592375,1859.952479,35495.0,,
2018-09-13,1859.952479,1859.952479,1859.952479,1859.952479,0.0,,
2018-09-14,1872.535122,1912.165495,1865.401655,1908.450148,68576.0,,
2018-09-17,1908.202458,1908.202458,1856.682973,1861.240466,64191.0,,
2018-09-18,1867.581326,1870.999445,1828.297719,1838.997919,75002.0,,
2018-09-19,1838.997919,1843.505874,1808.135766,1814.228936,57377.0,,
2018-09-20,1814.228936,1814.228936,1814.228936,1814.228936,0.0,,
2018-09-21,1815.071082,1855.494062,1765.780805,1818.291049,106248.0,,
2018-09-24,1824.978675,1830.873693,1688.69973,1705.146335,243906.0,,
2018-09-25,1709.059834,1766.325723,1699.003627,1755.377832,409734.0,,
2018-09-26,1770.28876,1787.726124,1738.88169,1749.879118,48673.0,,
2018-09-27,1762.560837,1762.560837,1709.109372,1713.716403,60652.0,,
2018-09-28,1727.884261,1755.328294,1723.921224,1739.277993,95736.0,,
2018-10-01,1743.73641,1801.101375,1737.742316,1786.735365,175718.0,,
2018-10-02,1786.735365,1786.735365,1786.735365,1786.735365,0.0,,
2018-10-03,1802.19121,1802.290286,1769.496153,1782.326486,53049.0,,
2018-10-04,1773.45919,1781.385265,1726.893502,1756.219978,83218.0,,
2018-10-05,1768.505393,1768.505393,1669.429461,1699.300855,93538.0,,
2018-10-08,1683.300092,1691.226166,1631.532917,1654.716685,598420.0,,
2018-10-09,1659.47233,1717.481288,1658.283419,1697.616564,92859.0,,
2018-10-10,1712.923795,1749.482814,1701.926367,1722.633237,61316.0,,
2018-10-11,1694.198444,1705.443562,1661.701538,1670.222068,67441.0,,
2018-10-12,1685.28161,1724.763369,1678.346295,1714.360396,38553.0,,
2018-10-15,1733.828817,1747.699448,1689.244648,1717.92713,39968.0,,
2018-10-16,1718.967427,1757.408889,1702.669436,1740.665056,64707.0,,
2018-10-17,1758.5978,1759.58856,1713.964093,1720.255414,36896.0,,
2018-10-18,1720.255414,1720.255414,1720.255414,1720.255414,0.0,,
2018-10-19,1731.847298,1744.974859,1637.725163,1645.948465,78749.0,,
2018-10-22,1669.429461,1673.59065,1635.149188,1644.85863,77114.0,,
2018-10-23,1634.752885,1690.8794,1630.789847,1674.284182,197178.0,,
2018-10-24,1683.300092,1731.748223,1683.300092,1724.317528,59401.0,,
2018-10-25,1699.152241,1722.980002,1669.528537,1677.603225,49152.0,,
2018-10-26,1684.290851,1703.610658,1661.255697,1685.677914,131210.0,,
2018-10-29,1684.290851,1701.530063,1638.27008,1681.863491,75750.0,,
2018-10-30,1684.389927,1693.703064,1648.474901,1657.342197,92306.0,,
2018-10-31,1656.599128,1758.300572,1656.599128,1753.198162,756749.0,,
2018-11-01,1758.647338,1779.156056,1734.423273,1745.420701,217886.0,,
2018-11-02,1782.376024,1817.498442,1750.473574,1805.460716,112997.0,,
2018-11-05,1800.209692,1807.145007,1758.5978,1779.05698,97952.0,,
2018-11-06,1778.611139,1797.485104,1768.406317,1785.794144,54976.0,,
2018-11-07,1801.200451,1802.983818,1793.274377,1798.525401,10382.0,,
2018-11-08,1798.525401,1798.525401,1798.525401,1798.525401,0.0,,
2018-11-09,1799.218932,1815.665537,1763.551597,1800.110616,44900.0,,
2018-11-12,1807.145007,1820.024878,1773.45919,1778.462525,50406.0,,
2018-11-13,1785.744606,1813.089563,1767.61371,1807.194545,34170.0,,
2018-11-14,1820.024878,1832.359832,1813.089563,1821.461479,34066.0,,
2018-11-15,1822.997156,1840.038217,1808.135766,1835.08442,34207.0,,
2018-11-16,1842.812343,1875.5074,1834.886268,1870.107762,461920.0,,
2018-11-19,1880.461197,1889.378031,1855.642676,1880.807963,44884.0,,
2018-11-20,1872.535122,1884.176545,1854.800531,1859.704789,31275.0,,
2018-11-21,1860.646011,1873.525882,1847.766139,1850.639341,23944.0,,
2018-11-22,1853.710695,1870.553604,1849.797196,1857.178353,23254.0,,
2018-11-23,1857.178353,1857.178353,1857.178353,1857.178353,0.0,,
2018-11-26,1858.912182,1882.34364,1853.215316,1862.825681,313565.0,,
2018-11-27,1867.581326,1890.36879,1853.215316,1884.077469,43975.0,,
2018-11-28,1891.458626,1911.174736,1889.576183,1908.499686,58837.0,,
2018-11-29,1917.366982,1945.851312,1917.119292,1937.479396,859385.0,,
2018-11-30,1946.842072,1975.821782,1941.29382,1965.369271,71412.0,,
2018-12-03,1972.601814,1996.380038,1934.606194,1958.978873,153827.0,,
2018-12-04,1961.554848,1964.67574,1901.267143,1921.280481,84981.0,,
2018-12-05,1911.174736,1961.208082,1903.942193,1954.966298,81540.0,,
2018-12-06,1939.906756,1951.795868,1918.010975,1926.234278,242357.0,,
2018-12-07,1926.036126,1946.346692,1910.728894,1934.20989,31234.0,,
2018-12-10,1922.073089,1922.073089,1885.414994,1891.557701,24015.0,,
2018-12-11,1876.49816,1893.588758,1839.840065,1887.842354,73644.0,,
2018-12-12,1896.313346,1927.026885,1887.69374,1921.280481,33104.0,,
2018-12-13,1931.78253,1943.027648,1910.332591,1924.005069,35087.0,,
2018-12-14,1924.054607,1935.596953,1883.235323,1886.554367,67157.0,,
2018-12-17,1901.267143,1945.157781,1897.799485,1941.04613,49669.0,,
2018-12-18,1936.884941,1940.253522,1916.128533,1935.101574,965156.0,,
2018-12-19,1941.392895,1964.081284,1932.5256,1959.920095,41259.0,,
2018-12-20,1958.731184,1963.982208,1926.43243,1957.988114,55553.0,,
2018-12-21,1957.988114,1960.118247,1913.007641,1931.435764,59215.0,,
2018-12-24,1931.980682,1933.219131,1878.628292,1884.374696,55829.0,,
2018-12-25,1884.374696,1884.374696,1884.374696,1884.374696,0.0,,
2018-12-26,1890.36879,1923.460152,1867.333636,1916.574374,50607.0,,
2018-12-27,1932.971441,1935.547415,1912.264571,1928.661638,47303.0,,
2018-12-28,1938.222466,1970.620296,1935.052036,1961.802538,61223.0,,
2018-12-31,1975.574092,1981.518648,1942.879034,1951.795868,41872.0,,
